/*!40101 SET @OLD_CHARACTER_SET_CLIENT=@@CHARACTER_SET_CLIENT */;
/*!40101 SET @OLD_CHARACTER_SET_RESULTS=@@CHARACTER_SET_RESULTS */;
/*!40101 SET @OLD_COLLATION_CONNECTION=@@COLLATION_CONNECTION */;
/*!40101 SET NAMES utf8mb4 */;
/*!40014 SET @OLD_UNIQUE_CHECKS=@@UNIQUE_CHECKS, UNIQUE_CHECKS=0 */;
/*!40014 SET @OLD_FOREIGN_KEY_CHECKS=@@FOREIGN_KEY_CHECKS, FOREIGN_KEY_CHECKS=0 */;
/*!40101 SET @OLD_SQL_MODE=@@SQL_MODE, SQL_MODE='NO_AUTO_VALUE_ON_ZERO' */;
/*!40111 SET @OLD_SQL_NOTES=@@SQL_NOTES, SQL_NOTES=0 */;

CREATE TABLE `FOOD` (
  `FOOD_ID` int NOT NULL AUTO_INCREMENT,
  `FOOD_NAME` varchar(255) DEFAULT NULL,
  `IMAGE` varchar(255) DEFAULT NULL,
  `PRICE` float DEFAULT NULL,
  `DESCS` varchar(255) DEFAULT NULL,
  `TYPE_ID` int DEFAULT NULL,
  PRIMARY KEY (`FOOD_ID`),
  KEY `TYPE_ID` (`TYPE_ID`),
  CONSTRAINT `FOOD_ibfk_1` FOREIGN KEY (`TYPE_ID`) REFERENCES `FOOD_TYPE` (`TYPE_ID`)
) ENGINE=InnoDB AUTO_INCREMENT=5 DEFAULT CHARSET=utf8mb4 COLLATE=utf8mb4_0900_ai_ci;

CREATE TABLE `FOOD_TYPE` (
  `TYPE_ID` int NOT NULL AUTO_INCREMENT,
  `TYPE_NAME` varchar(255) DEFAULT NULL,
  PRIMARY KEY (`TYPE_ID`)
) ENGINE=InnoDB AUTO_INCREMENT=5 DEFAULT CHARSET=utf8mb4 COLLATE=utf8mb4_0900_ai_ci;

CREATE TABLE `LIKE_RES` (
  `USER_ID` int DEFAULT NULL,
  `RES_ID` int DEFAULT NULL,
  `DATE_LIKE` datetime DEFAULT NULL,
  KEY `USER_ID` (`USER_ID`),
  KEY `RES_ID` (`RES_ID`),
  CONSTRAINT `LIKE_RES_ibfk_1` FOREIGN KEY (`USER_ID`) REFERENCES `USERS` (`USER_ID`),
  CONSTRAINT `LIKE_RES_ibfk_2` FOREIGN KEY (`RES_ID`) REFERENCES `RESTAURANT` (`RES_ID`)
) ENGINE=InnoDB DEFAULT CHARSET=utf8mb4 COLLATE=utf8mb4_0900_ai_ci;

CREATE TABLE `ORDERS` (
  `USER_ID` int DEFAULT NULL,
  `FOOD_ID` int DEFAULT NULL,
  `AMOUNT` int DEFAULT NULL,
  `CODE` varchar(255) DEFAULT NULL,
  `ARR_SUB_ID` varchar(255) DEFAULT NULL,
  KEY `USER_ID` (`USER_ID`),
  KEY `FOOD_ID` (`FOOD_ID`),
  CONSTRAINT `ORDERS_ibfk_1` FOREIGN KEY (`USER_ID`) REFERENCES `USERS` (`USER_ID`),
  CONSTRAINT `ORDERS_ibfk_2` FOREIGN KEY (`FOOD_ID`) REFERENCES `FOOD` (`FOOD_ID`)
) ENGINE=InnoDB DEFAULT CHARSET=utf8mb4 COLLATE=utf8mb4_0900_ai_ci;

CREATE TABLE `RATE_RES` (
  `USER_ID` int DEFAULT NULL,
  `RES_ID` int DEFAULT NULL,
  `AMOUNT` int DEFAULT NULL,
  `DATE_RATE` datetime DEFAULT NULL,
  KEY `USER_ID` (`USER_ID`),
  KEY `RES_ID` (`RES_ID`),
  CONSTRAINT `RATE_RES_ibfk_1` FOREIGN KEY (`USER_ID`) REFERENCES `USERS` (`USER_ID`),
  CONSTRAINT `RATE_RES_ibfk_2` FOREIGN KEY (`RES_ID`) REFERENCES `RESTAURANT` (`RES_ID`)
) ENGINE=InnoDB DEFAULT CHARSET=utf8mb4 COLLATE=utf8mb4_0900_ai_ci;

CREATE TABLE `RESTAURANT` (
  `RES_ID` int NOT NULL AUTO_INCREMENT,
  `RES_NAME` varchar(255) DEFAULT NULL,
  `IMAGE` varchar(255) DEFAULT NULL,
  `DESCS` varchar(255) DEFAULT NULL,
  PRIMARY KEY (`RES_ID`)
) ENGINE=InnoDB AUTO_INCREMENT=3 DEFAULT CHARSET=utf8mb4 COLLATE=utf8mb4_0900_ai_ci;

CREATE TABLE `SUB_FOOD` (
  `SUB_ID` int NOT NULL AUTO_INCREMENT,
  `SUB_NAME` varchar(255) DEFAULT NULL,
  `SUB_PRICE` float DEFAULT NULL,
  `FOOD_ID` int DEFAULT NULL,
  PRIMARY KEY (`SUB_ID`),
  KEY `FOOD_ID` (`FOOD_ID`),
  CONSTRAINT `SUB_FOOD_ibfk_1` FOREIGN KEY (`FOOD_ID`) REFERENCES `FOOD` (`FOOD_ID`)
) ENGINE=InnoDB AUTO_INCREMENT=5 DEFAULT CHARSET=utf8mb4 COLLATE=utf8mb4_0900_ai_ci;

CREATE TABLE `USERS` (
  `USER_ID` int NOT NULL AUTO_INCREMENT,
  `FULL_NAME` varchar(255) DEFAULT NULL,
  `EMAIL` varchar(255) DEFAULT NULL,
  `PASS_WORD` varchar(255) DEFAULT NULL,
  PRIMARY KEY (`USER_ID`)
) ENGINE=InnoDB AUTO_INCREMENT=3 DEFAULT CHARSET=utf8mb4 COLLATE=utf8mb4_0900_ai_ci;

INSERT INTO `FOOD` (`FOOD_ID`, `FOOD_NAME`, `IMAGE`, `PRICE`, `DESCS`, `TYPE_ID`) VALUES
(1, 'Phở bò', 'pho_bovietnam.jpg', 45000, 'Món ăn nổi tiếng của Việt Nam, bánh phở mềm, nước dùng đậm đà.', 1);
INSERT INTO `FOOD` (`FOOD_ID`, `FOOD_NAME`, `IMAGE`, `PRICE`, `DESCS`, `TYPE_ID`) VALUES
(2, 'Bánh mì', 'banhmi.jpg', 25000, 'Bánh mì kẹp thịt, rau sống và gia vị.', 1);
INSERT INTO `FOOD` (`FOOD_ID`, `FOOD_NAME`, `IMAGE`, `PRICE`, `DESCS`, `TYPE_ID`) VALUES
(3, 'Chè ba màu', 'che_bamau.jpg', 20000, 'Chè tráng miệng ngọt ngào với ba lớp màu sắc.', 3);
INSERT INTO `FOOD` (`FOOD_ID`, `FOOD_NAME`, `IMAGE`, `PRICE`, `DESCS`, `TYPE_ID`) VALUES
(4, 'Trà sữa', 'trasua.jpg', 35000, 'Trà sữa đậm vị, có thêm trân châu.', 4);

INSERT INTO `FOOD_TYPE` (`TYPE_ID`, `TYPE_NAME`) VALUES
(1, 'Món chính');
INSERT INTO `FOOD_TYPE` (`TYPE_ID`, `TYPE_NAME`) VALUES
(2, 'Món phụ');
INSERT INTO `FOOD_TYPE` (`TYPE_ID`, `TYPE_NAME`) VALUES
(3, 'Tráng miệng');
INSERT INTO `FOOD_TYPE` (`TYPE_ID`, `TYPE_NAME`) VALUES
(4, 'Thức uống');

INSERT INTO `LIKE_RES` (`USER_ID`, `RES_ID`, `DATE_LIKE`) VALUES
(1, 1, '2024-12-04 15:07:26');
INSERT INTO `LIKE_RES` (`USER_ID`, `RES_ID`, `DATE_LIKE`) VALUES
(2, 2, '2024-12-04 15:07:26');


INSERT INTO `ORDERS` (`USER_ID`, `FOOD_ID`, `AMOUNT`, `CODE`, `ARR_SUB_ID`) VALUES
(1, 1, 2, 'ORD001', '1,2');
INSERT INTO `ORDERS` (`USER_ID`, `FOOD_ID`, `AMOUNT`, `CODE`, `ARR_SUB_ID`) VALUES
(2, 3, 1, 'ORD002', '3');


INSERT INTO `RATE_RES` (`USER_ID`, `RES_ID`, `AMOUNT`, `DATE_RATE`) VALUES
(1, 1, 5, '2024-12-04 15:07:28');
INSERT INTO `RATE_RES` (`USER_ID`, `RES_ID`, `AMOUNT`, `DATE_RATE`) VALUES
(2, 2, 4, '2024-12-04 15:07:28');


INSERT INTO `RESTAURANT` (`RES_ID`, `RES_NAME`, `IMAGE`, `DESCS`) VALUES
(1, 'Nhà hàng Bảo Hân', 'nhahang_baohan.jpg', 'Nhà hàng phục vụ các món ăn truyền thống Việt Nam');
INSERT INTO `RESTAURANT` (`RES_ID`, `RES_NAME`, `IMAGE`, `DESCS`) VALUES
(2, 'Quán trà sữa Thanh Hương', 'quan_trasuathanhuong.jpg', 'Quán trà sữa nổi tiếng với nhiều hương vị đa dạng');


INSERT INTO `SUB_FOOD` (`SUB_ID`, `SUB_NAME`, `SUB_PRICE`, `FOOD_ID`) VALUES
(1, 'Topping bò viên', 10000, 1);
INSERT INTO `SUB_FOOD` (`SUB_ID`, `SUB_NAME`, `SUB_PRICE`, `FOOD_ID`) VALUES
(2, 'Topping trứng', 5000, 1);
INSERT INTO `SUB_FOOD` (`SUB_ID`, `SUB_NAME`, `SUB_PRICE`, `FOOD_ID`) VALUES
(3, 'Thịt nướng', 15000, 2);
INSERT INTO `SUB_FOOD` (`SUB_ID`, `SUB_NAME`, `SUB_PRICE`, `FOOD_ID`) VALUES
(4, 'Trân châu', 7000, 4);

INSERT INTO `USERS` (`USER_ID`, `FULL_NAME`, `EMAIL`, `PASS_WORD`) VALUES
(1, 'Nguyễn Văn A', 'nguyenvana@gmail.com', '123456');
INSERT INTO `USERS` (`USER_ID`, `FULL_NAME`, `EMAIL`, `PASS_WORD`) VALUES
(2, 'Trần Thị B', 'tranthib@yahoo.com', 'abcdef');



/*!40101 SET SQL_MODE=@OLD_SQL_MODE */;
/*!40014 SET FOREIGN_KEY_CHECKS=@OLD_FOREIGN_KEY_CHECKS */;
/*!40014 SET UNIQUE_CHECKS=@OLD_UNIQUE_CHECKS */;
/*!40101 SET CHARACTER_SET_CLIENT=@OLD_CHARACTER_SET_CLIENT */;
/*!40101 SET CHARACTER_SET_RESULTS=@OLD_CHARACTER_SET_RESULTS */;
/*!40101 SET COLLATION_CONNECTION=@OLD_COLLATION_CONNECTION */;
/*!40111 SET SQL_NOTES=@OLD_SQL_NOTES */;